{"cameraMode":{"drawMode":0,"name":"Shaded","section":"Shading Mode"},"sceneLighting":false,"audioPlay":false,"sceneViewState":{"m_AlwaysRefresh":false,"showFog":true,"showSkybox":false,"showFlares":true,"showImageEffects":true,"showParticleSystems":true,"showVisualEffectGraphs":true,"m_FxEnabled":true},"in2DMode":false,"pivot":{"x":-1.8326770067214966,"y":1.2848079204559327,"z":1.0119669437408448},"rotation":{"x":0.00007337675197049975,"y":-0.9693920016288757,"z":0.0003003316232934594,"w":0.2455730140209198},"size":1.4361406564712525,"orthographic":false}