{"cameraMode":{"drawMode":0,"name":"Shaded","section":"Shading Mode"},"sceneLighting":false,"audioPlay":false,"sceneViewState":{"m_AlwaysRefresh":false,"showFog":true,"showSkybox":false,"showFlares":true,"showImageEffects":true,"showParticleSystems":true,"showVisualEffectGraphs":true,"m_FxEnabled":true},"in2DMode":false,"pivot":{"x":-0.4897572994232178,"y":1.251232624053955,"z":0.7371929287910461},"rotation":{"x":0.005327653605490923,"y":-0.8198480606079102,"z":0.007633889093995094,"w":0.5725283622741699},"size":1.4361406564712525,"orthographic":false}