{"cameraMode":{"drawMode":0,"name":"Shaded","section":"Shading Mode"},"sceneLighting":false,"audioPlay":false,"sceneViewState":{"m_AlwaysRefresh":false,"showFog":true,"showSkybox":false,"showFlares":true,"showImageEffects":true,"showParticleSystems":true,"showVisualEffectGraphs":true,"m_FxEnabled":true},"in2DMode":false,"pivot":{"x":-1.000470519065857,"y":0.8547754287719727,"z":0.6246135830879211},"rotation":{"x":0.040106065571308139,"y":-0.8368602395057678,"z":0.061883166432380679,"w":0.5424518585205078},"size":2.936141014099121,"orthographic":false}